-- --------------------------------------------------------
-- Host:                         127.0.0.1
-- Versión del servidor:         10.1.21-MariaDB - mariadb.org binary distribution
-- SO del servidor:              Win32
-- HeidiSQL Versión:             9.5.0.5196
-- --------------------------------------------------------

/*!40101 SET @OLD_CHARACTER_SET_CLIENT=@@CHARACTER_SET_CLIENT */;
/*!40101 SET NAMES utf8 */;
/*!50503 SET NAMES utf8mb4 */;
/*!40014 SET @OLD_FOREIGN_KEY_CHECKS=@@FOREIGN_KEY_CHECKS, FOREIGN_KEY_CHECKS=0 */;
/*!40101 SET @OLD_SQL_MODE=@@SQL_MODE, SQL_MODE='NO_AUTO_VALUE_ON_ZERO' */;


-- Volcando estructura de base de datos para inventariostt
CREATE DATABASE IF NOT EXISTS `inventariostt` /*!40100 DEFAULT CHARACTER SET latin1 */;
USE `inventariostt`;

-- Volcando estructura para tabla inventariostt.permisos
CREATE TABLE IF NOT EXISTS `permisos` (
  `idPerfil` int(11) NOT NULL AUTO_INCREMENT,
  `enlace` longtext NOT NULL,
  `titulo` longtext NOT NULL,
  `ventanas` longtext NOT NULL,
  `control` varchar(50) NOT NULL,
  `permiso` int(11) NOT NULL,
  PRIMARY KEY (`idPerfil`)
) ENGINE=MyISAM AUTO_INCREMENT=14 DEFAULT CHARSET=utf8 ROW_FORMAT=DYNAMIC;

-- Volcando datos para la tabla inventariostt.permisos: 0 rows
/*!40000 ALTER TABLE `permisos` DISABLE KEYS */;
INSERT INTO `permisos` (`idPerfil`, `enlace`, `titulo`, `ventanas`, `control`, `permiso`) VALUES
	(1, 'usuarios', 'USUARIOS', 'usuarios', 'usuarios', 1),
	(2, 'tipo_usuario', 'TIPO USUARIO', 'tipo_usuario', 'tipo_usuario', 2),
	(3, 'tienda', 'TIENDA', 'tienda', 'tienda', 3),
	(4, 'capturas', 'CAPTURAS', 'capturas', 'capturas', 4),
	(5, 'reporte_auditoria', 'REPORTE DE AUDITORIA', 'reporte_auditoria', 'reporte_auditoria', 4),
	(6, 'busqueda_barra', 'BUSQUEDA BARRA', 'busqueda_barra', 'busqueda_barra', 5),
	(7, 'cambia_lote', 'CAMBIA LOTE', 'cambia_lote', 'cambia_lote', 6),
	(8, 'maestro', 'CARGA MAESTRO', 'maestro', 'maestro', 7),
	(9, 'stock', 'CARGA STOCK', 'stock', 'stock', 8),
	(10, 'archivos_pendientes', 'ARCHIVOS PENDIENTES', 'archivos_pendientes', 'archivos_pendientes', 9),
	(11, 'area_rango', 'AREA RANGO', 'area_rango', 'area_rango', 10),
	(12, 'generar_archivos', 'GENERAR ARCHIVOS', 'generar_archivos', 'generar_archivos', 11),
	(13, 'generar_cierre', 'GENERAR CIERRE', 'generar_cierre', 'generar_cierre', 12);
/*!40000 ALTER TABLE `permisos` ENABLE KEYS */;

-- Volcando estructura para tabla inventariostt.tipousuario
CREATE TABLE IF NOT EXISTS `tipousuario` (
  `idTipoUsuario` int(11) NOT NULL AUTO_INCREMENT,
  `descripcionTipoUsuario` varchar(50) COLLATE utf8_spanish_ci DEFAULT NULL,
  `permisos` varchar(255) COLLATE utf8_spanish_ci DEFAULT NULL,
  PRIMARY KEY (`idTipoUsuario`)
) ENGINE=InnoDB AUTO_INCREMENT=7 DEFAULT CHARSET=utf8 COLLATE=utf8_spanish_ci;

-- Volcando datos para la tabla inventariostt.tipousuario: ~4 rows (aproximadamente)
/*!40000 ALTER TABLE `tipousuario` DISABLE KEYS */;
INSERT INTO `tipousuario` (`idTipoUsuario`, `descripcionTipoUsuario`, `permisos`) VALUES
	(1, 'ADMINISTRADOR', '1,2,3,4,5,6,7,8,9,10,11,12,13'),
	(2, 'CONTADOR', '13,12,11'),
	(3, 'SUPERVISOR', '1,2,3,4,5'),
	(4, 'CLIENTE', '1,2,3,5,4');
/*!40000 ALTER TABLE `tipousuario` ENABLE KEYS */;

-- Volcando estructura para tabla inventariostt.usuario
CREATE TABLE IF NOT EXISTS `usuario` (
  `idUsuario` int(11) NOT NULL AUTO_INCREMENT,
  `dniUsuario` varchar(8) CHARACTER SET latin1 NOT NULL,
  `tipoUsuario` varchar(50) NOT NULL,
  `claveUsuario` varchar(50) CHARACTER SET latin1 NOT NULL,
  `huellaUsuario` blob NOT NULL,
  `nombreUsuario` varchar(250) NOT NULL,
  `estadoUsuario` int(1) NOT NULL,
  `fechaUsuario` datetime NOT NULL DEFAULT CURRENT_TIMESTAMP,
  `permisosUsuario` varchar(50) NOT NULL,
  `usuarioRegistrador` varchar(50) NOT NULL,
  PRIMARY KEY (`idUsuario`),
  KEY `usuario` (`dniUsuario`)
) ENGINE=MyISAM AUTO_INCREMENT=18 DEFAULT CHARSET=utf8 ROW_FORMAT=DYNAMIC COMMENT='Table ''bd_acreditacion.usuario_1'' doesn''t exist in engine';

-- Volcando datos para la tabla inventariostt.usuario: 7 rows
/*!40000 ALTER TABLE `usuario` DISABLE KEYS */;
INSERT INTO `usuario` (`idUsuario`, `dniUsuario`, `tipoUsuario`, `claveUsuario`, `huellaUsuario`, `nombreUsuario`, `estadoUsuario`, `fechaUsuario`, `permisosUsuario`, `usuarioRegistrador`) VALUES
	(1, '41467062', '1', '210382', _binary 0x00F82A01C82AE3735CC0413709AB7130FD145592F172E902CB6406E7705F051273E34FC4AC3A6177596099013BB5CD7A92FB0CECC7015CEFF46F9E184CB42E4DBCA08D0651A3895284082179E03790B436759072BBBA802594145AD86C9A7AB5A9C20925ABCAE2CB24DB5F67CB6D494553CE8B118BE83F2FED6EF5BD8157722B2DF0DC8EE87B175ABC7A46A9834115D6495D514C4FD470D42E54899875C03102CC02F6D76428A656A76933F07FB1C5D298D443F49C9D089D90DBC1FB1A30C21CE4F7BB008472DD75012378C41A0FD6937E5BFC806DE05D6A08C1A5ABA0C977788B59862D10A8BB9361FDCA8C770C928DB9B2AFD4E0D4DB871AFFEF18437689306BDFC64C865D2B348DB9055AA589C1EC98CCFEF1EFBB08C2C754B56B3ADCAA3325488D7C62424DE7678E71D9B2656F00F83801C82AE3735CC0413709AB71B0FE145592911EEA7C5488195EE4C494000C2BF14EAA80704F2614F053A93C51A1C51D95A9DB013D7C503F95888F56DEC00AF6121AFACC4D74D2F6B0F81CC4A2355105C409E92EB370AB29068682E0BC4B092950FCD1ECCA82517735F8E5D5A7F32FF0448693FC6AD26E99FE64A2B89F70418FCB75B2D603A8279D53ED62D7303219959FD43666BD17C44BD5B2877370955AE97DB375184E6DA0D69B6774E2B87D8363B6ECE8B6C1E61EC39D826EAD6C3A88AF8F61E3C6D6FF1D0D3670FAEA398E791B3B0FC48B3DF576840CE6A39CEA2BE12C07C2DD7F6E56D03207A79FB63F07375C5F93DFD14DE09CEA5263B0C39AF7141B2F9F32FA744943A7FF7EA524A13CD56CB8ECC04971059188372CB5C32FA0E1C46E5B156230045D99DF32F276E3B4255D8BE63760E58B80522ABE6F00F82501C82AE3735CC0413709AB7130E1145592EE99626626AA6102ADAA3329CC0BBD5117CB3A99912B3B22DC4DAE254E16518B67E8E7B99F99D404711A4BCECD2AF5066FE5991B7C8DEDDE046575441405953A0145A09CC28367BD1C9B0DE3378A77C504A1A0078E330BDDD363FC18141268C20FCF98C1EB57DFFD98B4363FB37396F8C05840D44BFE4BC2EB1C144A9BF1DD4AE7B0953F4FCE25E2C7F18046BD1377DC7734C33D97DD7BCD1ECD97519729BAF194851215272FEBE2CD8510CC1B0996A0A82996DDAD918A2A4FB9BCF88B8263CB5152DFDA065EDA993D98F249A2FE2387456CA7AE8FA0251808AC56D1A8D2F6499EEA8AB256623ED9512BD9BE9321319283B8EA757DBD40870F499BFBF41CAF75E3B0241571800D1B5B6CD3C77E9DFE567A696CA9A56F00E87F01C82AE3735CC0413709AB7130F41455926EE46188D7EDB18807951E5A16016C505552559602BFAC366199B6BF179CD224AC4039EAD1B01C941EE8528089776FE81206E03D6542C664D536E2E23568D39C2541C8B0E0211A2138EFBEBD4512FDBCA6B87E858EA747D37CECEBC10278391785E34A4D87C9F76B43C919181A4DBF551B1565B441B8EC0A992782EC178607D3B06168BC6B54089274FAA77686BADA0CCD762C4E6BDF727B282633BA4576B62AB9D66DE0EB3A9A144DA490A9452B7A29E0C3DEEEEA7B8916A6005866EA5AC24640CDE97C4A608472A61A1118003E16A49876120C9C7732B8B664C69393EAEA7FF550E65D5DE2BC03A24A6537C4DB8E72F8BA9991CCE25FE68812337FBF90D14D212EAC1808AF989BC0E7D9C101380A3019D07482EF2CF107BBBAD8C1624CD9F39B66C48FD717D1E53F96B83EBDE2A17433AA5967A1FB43D93D12E1552AA8ED2B9786005557B6D05D4645B5DE47A478302C904326C00FB19FCF28CBC15C5C857DAD40461D7873BD93FA6BB842D776346F92BCF97F000010D192BCF97F000010D192BCF97F000020D192BCF97F000020D192BCF97F000030D192BCF97F000030D192BCF97F000040D192BCF97F000040D192BCF97F000050D192BCF97F000050D192BCF97F000060D192BCF97F000060D192BCF97F000070D192BCF97F000070D192BCF97F000080D192BCF97F000080D192BCF97F000090D192BCF97F000090D192BCF97F0000A0D192BCF97F0000A0D192BCF97F0000B0D192BCF97F0000B0D192BCF97F0000C0D192BCF97F0000C0D192BCF97F0000D0D192BCF97F0000D0D192BCF97F0000E0D192BCF97F0000E0D192BCF97F0000F0D192BCF97F0000F0D192BCF97F000008D292BCF97F0000610000617081060040E11477A6020000100D1477A602000038D292BCF97F000038D292BCF97F000048D292BCF97F000048D292BCF97F000060D292BCF97F000060D292BCF97F0000, 'SALCEDO PEÑA, CARLOS SAUL', 1, '2018-03-22 00:00:00', '', '41467062'),
	(2, '42845381', '1', '123456', _binary 0x00F80E01C82AE3735CC0413709AB71B0D21455926C3503555D5DD8B2473CB8834A1EDDD8C50359D9EADB555EFD83C0DBD7EA56796A21A3A75618CEDFD333EC2367F42AF730BED30B0EFCE1F20D6E1091206D79E3EC4FDB60E2DEC11DF2329C278085D2F3ED628A68DCF1BC81C491FB8736BC98E764AB63AC5A876B953F473FC23C458783B16D14CC5A8CDF46A6722F470EBE3631BC28110BC6432E3B5CF24010ED10DCA13D5E38C41033CACED855DCB04827D33E3809AD28594C34D1936806CA3B44BE91DFA0F4AAE45921E801CB9AE8D0C4FA594641609B9C48C6851CC4E23F8619632C3ECFA80FEC7BEF2F0203FEE13FD0B59AB01DCD53526F9F48A7FC8ACB99E9BA652C0DF83E600CFCBF87C181FBB20E6F00F81201C82AE3735CC0413709AB7130E81455927EAAE7B1988BE51457381C28A9B0CCC4E67D2C7EBEB0FA895EE56AFF13F43777EB2B730D30933AD010692AFC6560DBD794A00482D169298598DE01A15C1A95FBD9D1B7AF4A18C04A81FAF4F4EFA2519419987C330F63C03B869790755E959029EE1C8974426A1EA52BC64CAA516EAC47985F357F7A3FA33FCC7D9C02073A7DEDCD77201E927A702B2CAF476B4F547BB2EC4745E3B371F53F6B7B0094973229452C615FB7C3812A387874C9EBEA6414851FB4652F290B3ADFC5CC677C1AC2D2AE38FCB047CF28AF1384789A74A22079E7D6EF6D10C1371ED1C7BA02A2639434BDF9C2224A5D5285F43AF80F2D7F1C62900BDAE89651E8782E4161CC1D0B27FB135A1B6F00F8FD00C82AE3735CC0413709AB71F0DF14559214FF022BB8FF68C9CC9D4E2CDE24A0C35FA2FD7D1D68B15B274A254B8B7BA0B0D92FFDD7F8AEAC90C610A831DF41AB019914434878945E5D966E2427A05B0ECD73A11BD4C009FE8BF3C42D0EA747CC82CAA2058D7EB7E60A35E81215E7E50D2DEF7B32D488A2CDD4165C88310F92219BBE2FF918681BD7FDFD1BD1D742FD875311EDD7ADB8DC5D549BDD7CEE3486825E61E95FB8156FD504B5FDC7A11740FE4DC6B2EB0CAA26B8569DA72BBA327EAAA330313659883976CA5F213BD30ED20B352EF4A229F0F635EE1411B3FAAA65C070E21979E625D84826A790324B25007EF27105E7C2ECD9D1EF2553B457D36F00E81001C82AE3735CC0413709AB7130C01455921839079AFE030C215BF80ACDA11E844DC4B629521D8A3B370917FECBAE87A92C3B929F2DAADF82C021644C9980F4E3525C3977F8216538C073893238A01B65FC3DA908C03199C1774533F27A7249E145F946F27BB30BE8F00F366BA71E4CE760C4B6B27B9FBC917BAECC743A59F0DA0C2D4AD2EA1B384DFA658819D0461A3F49F21962B85FF4B78C2536FD5F15B2B452F1EE3D0F2F455C96A260202CD66711A7676AB60DF954AE59CE1BCF34E894C517EC0FABA16D95EE0A1F6F5AE0CB518B141D05AF1558EF38BF33A0C70DACCFC4DE2DFC4B43AA26B898B135404FC7E61F6782F69EE739F9C580BB9FAFA3AA07BFE4E0A9F2EDC6AF67867AC166DD9C9B0C886F46D191F97F00007846D191F97F00008846D191F97F00008846D191F97F0000000000000000000000000000000000000C000000F97F00000000000000000000B846D191F97F0000B846D191F97F0000D046D191F97F0000D046D191F97F0000E046D191F97F0000E046D191F97F0000F046D191F97F0000F046D191F97F0000000000000000000000000000000000000C000000F97F000000000000000000002047D191F97F00002047D191F97F00003047D191F97F00003047D191F97F00005047D191F97F00005047D191F97F00006047D191F97F00006047D191F97F0000000000000000000000000000000000000C000000F97F00000000000000000000B847D191F97F0000B847D191F97F0000C847D191F97F0000C847D191F97F0000D847D191F97F0000D847D191F97F0000E847D191F97F0000E847D191F97F00004C6D87BFB402000003000000E600000020ED4FFEE60000004F6D87BFB402000000000000E60000000000000000000000808B6A5EF97F00000000000000000000010000000000000001000000000000000048D191F97F0000204B865EF97F000030D850DBB4020000A0D750DBB402000080DF50DBB4020000D0D750DBB4020000E0DF50DBB4020000D0DA50DBB4020000A0DD50DBB402000010E050DBB4020000B048D191F97F00000000000000000000000000000000000000000000000000000000000000000000FFFFFFFF000000000000000000000000FFFFFFFF00000000, 'OSCAR CHAVARRI CABALLERO', 1, '2018-02-26 00:00:00', '', '41467062'),
	(4, '1234', '2', '123', _binary '', 'USUARIO NUEVO', 2, '2018-03-21 00:00:00', '', '41467062'),
	(5, '11111111', '2', '111111', _binary '', 'FRANCO VALERA', 1, '2018-07-10 00:00:00', '', '41467062'),
	(6, '2323', '2', '1234', _binary '', 'REYNA ROJAS', 2, '2018-02-27 00:00:00', '', '41467062'),
	(7, '32323', '2', 'DDDD', _binary '', 'JUAN ALBERTO CASAS', 2, '2018-03-22 00:00:00', '', '41467062'),
	(17, '77777777', '2', '123456', _binary '', 'JUNIOR SALCEDO', 1, '2018-07-08 00:00:00', '', '41467062');
/*!40000 ALTER TABLE `usuario` ENABLE KEYS */;

/*!40101 SET SQL_MODE=IFNULL(@OLD_SQL_MODE, '') */;
/*!40014 SET FOREIGN_KEY_CHECKS=IF(@OLD_FOREIGN_KEY_CHECKS IS NULL, 1, @OLD_FOREIGN_KEY_CHECKS) */;
/*!40101 SET CHARACTER_SET_CLIENT=@OLD_CHARACTER_SET_CLIENT */;
