-- --------------------------------------------------------
-- Host:                         127.0.0.1
-- Versión del servidor:         10.1.13-MariaDB - mariadb.org binary distribution
-- SO del servidor:              Win32
-- HeidiSQL Versión:             9.5.0.5196
-- --------------------------------------------------------

/*!40101 SET @OLD_CHARACTER_SET_CLIENT=@@CHARACTER_SET_CLIENT */;
/*!40101 SET NAMES utf8 */;
/*!50503 SET NAMES utf8mb4 */;
/*!40014 SET @OLD_FOREIGN_KEY_CHECKS=@@FOREIGN_KEY_CHECKS, FOREIGN_KEY_CHECKS=0 */;
/*!40101 SET @OLD_SQL_MODE=@@SQL_MODE, SQL_MODE='NO_AUTO_VALUE_ON_ZERO' */;


-- Volcando estructura de base de datos para inventariostt
CREATE DATABASE IF NOT EXISTS `inventariostt` /*!40100 DEFAULT CHARACTER SET latin1 */;
USE `inventariostt`;

-- Volcando estructura para tabla inventariostt.huellas
CREATE TABLE IF NOT EXISTS `huellas` (
  `dniUsuario` varchar(50) COLLATE utf8_spanish2_ci NOT NULL,
  `Huella` blob NOT NULL,
  `fechaCreacion` datetime NOT NULL DEFAULT CURRENT_TIMESTAMP,
  PRIMARY KEY (`dniUsuario`)
) ENGINE=InnoDB DEFAULT CHARSET=utf8 COLLATE=utf8_spanish2_ci;

-- Volcando datos para la tabla inventariostt.huellas: ~0 rows (aproximadamente)
/*!40000 ALTER TABLE `huellas` DISABLE KEYS */;
INSERT INTO `huellas` (`dniUsuario`, `Huella`, `fechaCreacion`) VALUES
	('2323', _binary 0x00F8FA00C82AE3735CC0413709AB71F0CD145592DCCEF8FB06E1F57E8884B934A6025297D945730FC445C2B9965C03746FF5159C06A372756DEF36111249C4E808AAAAC3517D9B5DB6C8418EAE15A8340918970ECC5BBF950E4737E6358ED68C5BE4A98EA2BB43C60AA757A3E24DF3D83CB11497E990AC31D1C36F6B7E396C747E2E97DC347C4475A2417CCDA9E6B4BC8469B2394A93AE241EF670CD6C65A465360B7DC846C2D2501E5FE71507813E6DDFD76B465729C707A57FED474118E9A919E06BE6FF620B55A4710F2EFEE1C63D4D729CC17F82AB0B0F376F3D3F29A186D8EBAF6797C2967F8B5944ACFFE6891547C4C7DB66D710A357E1F8E90B026F00F81B01C82AE3735CC0413709AB7130C214559273156CE758B76D1A97503B366DB4965FAAF1380ADCA8409256B7364F87F20588A325351A111223A6A64766E1D014658A1530160533729810DEBA9B7BD1BD802198EA16375511244F4357585F7E77E2FBF06B31BAAF6D7CF885AD29562FC5F15919F99F523B90E1961224AF3E1F1EC027369AC3EDAFC65819C921BADAC452EFE4229A39465B858AC61A0F4B3D39BA6CF94AD3BDC9A5F402D5084B15C7EF1D65801003DF7C2EEF03838554ABCD46F56116A7B25EFF5CACD98D94BB62F1E9EB87B6EB3BD787C7E84206BD86B5620B28841ABC49C28471AEE4FBA92A3389A0AF8673B83C1B4370E331C1AB26FC37D59096B41F78868CA72DA430E71F5142AEDF601A07BE24C6995892453660A16F00F82701C82AE3735CC0413709AB7170C4145592E5711A8D35C93BC522FCD8856AE561F30498C466219312E4AEEB508585E915EF23061A0DEE76A2122DECE2F7DE7E218E6CDA319CE3F0A8CBB9230C3F4D94D0DD59480F05A6A0A968E9D24B1F194EE714AB8C8ADE165203D833829704499B534BFB2E3BD6D15BAA88E869CF37D2B14119587BD0AC22024E3601A426DC6A34D946979E6FAD03E464FEDD7333AB176B1ED0ACE080166CC2475E1032D293EE6B17DE37686F15644EF5336CD0F847C6AE67C723B50A425511FACE7A19735099805F45A863B3E7962FAD8419199A2245EFDA46EE70AF5D4619A92A485ADC9773AD4C4A8E495F6B63B88C6D6C4CB41411D3866E91D346C980771C47EF40F1BC4E96B139EE2312DAA6B27D634DFD44D46D4EB1F272A9E575D722D96F00E82601C82AE3735CC0413709AB71B0CB145592CDE48A4DEF815839C5EF9D64C50E3BF6C60D719C68876EAF1EF4FD62CE0B5B562E8774F77AD7CE5D1DB083D950CA03B05BB65AE509951F92D38B11E4481F7A52CF8DF5331DE473372BC4AA267BF37CCE0731A8E1BC70BAD067C286663583224C5BE8E3A2F4B41370D2444C7E0A84B92A08EB87A5BC3156964FE7CDC8DAA167D978E21A6AB982F160F886A80FAA0F64E0E6CF7F9E122E8F7C3CEECB6C8C29C183E93387692BCE617B5B72C8C46AAA76F10375D07590F09D37E63BE0847CEE334ABAADF26FC968C78EEDB2A3D2F145ED2B1FA9DC93E5A1DD413DD0D3B57B0D94D32441C14AB747B72D173205342D43B43D6F8B3818EDED6A76C6227763C01B4FD64A5E02C1A96F3659C39EBED60D03906400011EE517A26FFFFFFF8C7C5EF97F00000000000000000000220000229E110500908180E3A1020000E0BB7DE3A1020000FFFFFFFFF97F0000C0547EE3A102000048D791BCF97F0000001082BCF97F0000000000000000000000000000000000000C000000000000000000000000000000C0547EE3A1020000FFFFFFFFF97F0000C0547EE3A102000058D791BCF97F0000001082BCF97F0000AB0F0006F97F000000000000000000000000000000000000000000000000000000000000000000000C000000F97F0000000000000000000068D791BCF97F0000001082BCF97F0000AC0F0006F97F0000000000000000000000000000000000000000000000000000C0547EE3A1020000FFFFFFFFF97F0000A04743E0A102000012000000FA00000000E2EF32FA000000B24743E0A102000000000000FA00000000000000000000007809865EF97F0000000000000000000000000000F8FFFFFF010000000000000000D791BCF97F0000A854865EF97F000000A97DE3A102000080A77DE3A102000030A97DE3A102000010A87DE3A102000060A97DE3A1020000C0A97DE3A102000090A97DE3A1020000F0A97DE3A1020000804A0DC6A10200000000000000000000000000000000000000000000000000000000000000000000FFFFFFFF000000000000000000000000FFFFFFFF00000000, '2018-07-04 05:50:56'),
	('41467062', _binary 0x00F87F01C82AE3735CC0413709AB71F0FA1455928CF6CF8F9A5C581BAF4909AE4DAA906778585FC0C37C4A1A2A95B44C318852E7558E9EFEEFDEB6051096F1987D1DCD4CA4F2CF651F6BF0BB628B51E46C054DD6A9C64810D50F8BE111F62FDF47CFF7B71AF4D61C6C7CCEE96A921C330D4A94393B2D2E9341EA7C575FAEA02323C4FE5B9265845537B71997BAE3E06EDC9EAB83B0B4AA8923A428282FE761AC034A437E4582F912E0C792E3D4C282407C45061F8CB0169CDEB0D0E9BA83D6BDB6DA607E081059945AE4253719482030AB0063BB2678207803E032AE65F04A14CB130EAE9874DB31431D34935D75D578DDC6A486DF1AA62FCAB9C2DEDB4903A6CC28D410B35C9B904A6A0DDECD292B3D70FCE0A7CE99C2ADF5C5830AA9E7D1DE9F72BAA66B51396C9A5E1DEA30D63FB81E0AEDEE402D529D3708F6A51A470797C40416926BF82A460027B542D582AF296019BDC2BF69707ECDFAA5056B5B3D01E84FEC9AA1227C66D71FED67B460A8EF5BBCBDE6F054F911EFDA6498106684E269E5A66F00F87E01C82AE3735CC0413709AB7170F0145592741AD7EDD3367E56E759B1766F6F72EE19721DB192FE9B6858725A833839C12D655DE1F98FC9FB1F1F7A80DD13A8673A9DA4A031926679CBB728D1601895C3A74FA6DE394E086F204ECC1503E2BC7F7CA4B68CE6C8211609D05EE921A86361EFAF7C7E3A7DA695B908225F2F79C8F00F88FB12826A56A8F627C949401AF42C0CB53213E092A2C631A1F242E2031ACF321A2D2238A2BE9242F49F4DC3E34031BB9B654591C202E254540A0DA74A513438344B978B09F5D8C53D201213B4965B1299074D3692D8192A97AF08375398AA8438A2D977C4C0AF0602E957617CBA69B5072E4455A7938DE64D86C7EDC3FEA6D19ED75935D897AC194068EC3339E821F865A3754F0D050336EDB3867256949E26D5533DC18CD04709CF65D0459E0BE4E16015023329CF7192A2F1DC33A91A3822AB3CDD9C6F3844E22A8A129FA745B56341ACFD0AAEE65578F8AAABF109DC361C0BBAE0E4F67E8C10FF953C1455254B100EF93403E2E2A1DFD95A51D174556F00F87F01C82AE3735CC0413709AB7170B414559261AA6FE34BB04D96553CDED19CE0E406B45E1F9A2AD6EBD02F5EFC83685A67B6D3C448999303902F8FD5BA678A5DB9ECEF0126AD9689AF6EDCD5409ACDED666A09491E34084BCF10E542DC6ECD9F69E898168AA46B6CDADE403877E332FE887C71C517C29C01FC516A98D73239D7C18D0807460C0CCBD657C8ADCE31A426A8AED64F43ABCB3DBF4713343D1D317D2C2941A628F30F05311133B70B3E5C95DC876D2A36ADC924A796DD65CBB3E833FE12FE7129DCB9B0699124E433B323117C2CE581BAA8AE4F220A49A924F98C0577DE4157D3D20091F43A61C69EB9E76C75E44D05EEFB5A474C0A80C02FC5B7A56E81C1F3C786C11D18F545DC6BE2C9DCFA6D9EFDB1C0F2765F08FEC3496024396B33B454F930834B9F3CD0A7F80905EC5BA246D39CB2C43F51A623B0921314ED650D66523C1DAA6945B7AD5D98699DB3CFF26E692256FEB630C6F71387DED61F3B8E719FB452533F1D9FC638068D6D07E29A99DDEC144B4613C07B7796159D72586F00E88101C82AE3735CC0413709AB7170FB145592E87D258AA58306AEB95A47B815D59642AE6384D278DDB6A796F085C97DF024A2C46C5CDFE539FF68840F28B3597563F0F00AA08DE1A0580D852B729EFA0AFC3ED376F9FF96CDA9162A7ABC06AF88DF62999C5135C02C8B5222329E865E3AC6BDD77DB27FB7B487181E67D51C780A0B10C963D0D08BD2AF2299239FF9FB501AC3018494A36A52F1BD9F5423EA1643D17AEFD751470735B12AB4BF2D101D11CAC9707666D5AE2B79241A220B96C5C6C230E5A5852592A0E362E8D73A7F1B251394D8F887F07FFC70A32C14164EA76CAAFBD582C2394BFC6161E74BE5690E58ADAC5AA2C128AAA7990B60471CB32C2608BFF8799D2F121644EC93808EE3D02301218874402F69A57648B18C93ED40ECE7D4FD43F880C2C76BC1C00BFE550A990BA48197E4903FD2629C361991A5784C8D2655A16BA020A6198747833479C9C5EB4284840DFFEDC2B90FCFB59A5D97233BF496BE62F61869A58C2E4B2575DA4BE5962923BAC237DA4D123799CF0AB6B6B3FBDE6F37343E25020000103B343E25020000E844D191F97F00000000000000000000000000000000000000000000000000000000000000000000FFFFFFFF000000000000000000000000FFFFFFFF00000000, '2018-07-04 04:50:26'),
	('42845381', _binary 0x00F87F01C82AE3735CC0413709AB71B0351455924EB180B69DE4DB870C609157E293E6A1643E75F3CC57BDF91DF2896E602BE77D84FEDDD44A6779765916FED04A47826E79FF49436A97C236F3C4530925698121C7B1C79A2A83E11D881889F2AC1E90DAD2D098BA6A499A3E043BC3107545D1F0BB396D1C90C7243F271B09408B2B2C3D33E8CE4408864F99392BCA7DC88800E7A492FC685E33785DA1FE14D1B3461938B473B930C0987EDBDCB0FAA46EA80900438C347551848449191B207FF736F9585246DE4F7B9A388561C0321AC590026C1C1585D1D17233E076BEEB08CB6EE33807A0125B71E9CA284F80C89C8841E7223A9146BFEBCB5D80174874F41044DDCEB600F54211EE52C313EA3F57258E4BCE2AE94FE0A89E48EA13967DE27F20AF81DC71C340A935D7DFB929BB5FC12D8CDEDA3E945D86C805126180F0674235751850A62EFEB1DDD940F5A84864EA7E3C4BA32D666FD286EBE710B23D53636345D2DC952B91C7FBC5185C62038E0FEE5D9AB136802FA8484DCE1F938C0A9276BE6F00F86F01C82AE3735CC0413709AB71F0CA145592CE2CE51567700E2448AD822E72B39D6D7DFDD6C21337BD67F456FBD621E3506C6B0A262C7F6D8331B7F3BDC0CC1D3D9E9BA9845677C18E8F35169FB7FC1B9AC20114971CF13CAF3D8E3250B06F63407B9F0C5A94E0F34127521FDBA570E2950D8D0177F92DE18BD490AE5ECB6F84D177C3BAFD1928B33AA4CCF81050A70D9B8AF0E8BF0214F2857FA7D73E794E9BFB5AD59CDC3EE857A6617B02865F3923D5B8866E10F3F50589DAD088A0836297A1A91371930C066B7A8162AC81AE7E78EA33A3D4F62D3F60E02D6FC60135B8BBD0A608ACDCDCF4B613D4689E29CFFF0B73375F50547D2064C56316DBB0078A37913FF794E287B0193C94E9A60400729AD9CFE159DBF35517420C6256436F3C5BC1C63434D6E3E6C0FD3B207C766BD0486EE0405E0E279696DC240E50823D1EEBAE40F3F20027E97EE5F7E12522C27B2468476D48BF458F42A97EF4138C99FDA77F82E9ACC28C4FA93E1C77013AF18B5D0C6F00F85101C82AE3735CC0413709AB71B0D7145592CCE3EDE985C6AA57E45E6DED75AD60CA9128BFA4642A2F069F6CA75498EC3F1670930050EAD28761D17AA6C3803CDAF9AEB8FCFA64C5A51465A58BBD48C61CFE750FE01CE53CE7666477B1A58B30E58BD644A9D21B52BCAC0262BF96A5DA8DC5A966BACFE7496C5F17968F839C84CFC30457E202D22CF73C29F53F3711999BDB22B304D4268BDEEFB2931AA76EBA8E12D03191BDFC857FD6BEB126FF7050391614B6B16E2C9F297C9D6B86058647C602ACAC59CE69BAD967EF7C447423BD1DA68F7F982DB6EDE66C2BC8503738EE7EC9DE52C5F681B944044DBE0DA9C1E2710A55AB044DEE0E2EC13B791EA3E5FC4B2913B087EDD88471930FC92DA607B75F7DF7BD3878F6865ECBA31CFFC67D9A76EEA6B1A1263323905A8B1C12DAC4D2ABF09571E5DB72B452245281F6E3B4EDDACD4A65670EF6BE1E91998E864FF1DFC7E3B66F00E87E01C82AE3735CC0413709AB71F0D214559242B8E6C32A92293205E94E538AC7ACE65A8DB45C6DC97097C0C3D92D4A25C3ABAE0C3A80295799C18DDDC69ED6BF7223DD78CD745C317D61B1F239A7AD5294DE8F2978419E96A2F25AA9F64225FDCD6A752AB26D3151B47B605C17C876A63611F085C0577C5762279657C048E0DBC45053E25D558C3DA2033944CB85125BE4AA34D05B1A32798AC397167B0E132CFD83291A8C9A87BFEC3E813D63B80022E7669EF6A7D3180F6E8275A67D11348696FA6DBF4C6DFF687E6CF0AE7365A7350D0101F7A3FEAC8B2BA14D40940F6C55B9064C6D2DEE7AC4B5B3087E256E7B4BEB5BC76EC168E06359EB2BEC05CA12908A5118C4EA4D926C58CB08CDC0C01B435B279C9D2B9A90BB2DFFEBF81A459823FD64517063B68CB08B081E2C11F58A8D4F3BE96013212AEED5E8334D6094ED306DBF2E1ACD01D231E5ADAD3E1223095A5D3CF57F70A08BCE19FEA978C03CF6FEC82F20E4FC2267CDE9EA1BAE547EE7129FA58243E6BB549A0E3112AE738E590A6FD192BCF97F0000C0D192BCF97F0000D0D192BCF97F0000D0D192BCF97F0000E0D192BCF97F0000E0D192BCF97F0000F0D192BCF97F0000F0D192BCF97F000008D292BCF97F000008D292BCF97F000020D292BCF97F000020D292BCF97F000038D292BCF97F000038D292BCF97F000048D292BCF97F000048D292BCF97F000060D292BCF97F000060D292BCF97F0000, '2018-07-04 05:47:02');
/*!40000 ALTER TABLE `huellas` ENABLE KEYS */;

-- Volcando estructura para tabla inventariostt.log
CREATE TABLE IF NOT EXISTS `log` (
  `idLog` int(11) NOT NULL AUTO_INCREMENT COMMENT 'id del Log',
  `dniUsuario` varchar(50) COLLATE utf8_spanish2_ci NOT NULL COMMENT 'Relacion idUsuario',
  `fecha` datetime NOT NULL DEFAULT CURRENT_TIMESTAMP COMMENT 'Fecha del Log',
  PRIMARY KEY (`idLog`)
) ENGINE=InnoDB AUTO_INCREMENT=12 DEFAULT CHARSET=utf8 COLLATE=utf8_spanish2_ci COMMENT='Tabla de Logs';

-- Volcando datos para la tabla inventariostt.log: ~3 rows (aproximadamente)
/*!40000 ALTER TABLE `log` DISABLE KEYS */;
INSERT INTO `log` (`idLog`, `dniUsuario`, `fecha`) VALUES
	(1, '41467062', '2018-07-04 05:07:54'),
	(2, '41467062', '2018-07-04 05:11:09'),
	(3, '41467062', '2018-07-04 05:17:37'),
	(4, '42845381', '2018-07-04 05:47:40'),
	(5, '41467062', '2018-07-04 05:48:04'),
	(6, '2323', '2018-07-04 05:52:54'),
	(7, '41467062', '2018-07-04 06:16:30'),
	(8, '41467062', '2018-07-04 06:19:24'),
	(9, '41467062', '2018-07-04 06:21:50'),
	(10, '41467062', '2018-07-04 06:22:44'),
	(11, '41467062', '2018-07-04 06:26:32');
/*!40000 ALTER TABLE `log` ENABLE KEYS */;

-- Volcando estructura para tabla inventariostt.usuario
CREATE TABLE IF NOT EXISTS `usuario` (
  `idUsuario` int(11) NOT NULL AUTO_INCREMENT,
  `dniUsuario` varchar(8) CHARACTER SET latin1 NOT NULL,
  `tipoUsuario` varchar(50) NOT NULL,
  `claveUsuario` varchar(50) CHARACTER SET latin1 NOT NULL,
  `huellaUsuario` blob NOT NULL,
  `nombreUsuario` varchar(250) NOT NULL,
  `estadoUsuario` int(1) NOT NULL,
  `fechaUsuario` datetime NOT NULL DEFAULT CURRENT_TIMESTAMP,
  `permisosUsuario` varchar(50) NOT NULL,
  `usuarioRegistrador` varchar(50) NOT NULL,
  PRIMARY KEY (`idUsuario`),
  KEY `usuario` (`dniUsuario`)
) ENGINE=MyISAM AUTO_INCREMENT=17 DEFAULT CHARSET=utf8 ROW_FORMAT=DYNAMIC COMMENT='Table ''bd_acreditacion.usuario_1'' doesn''t exist in engine';

-- Volcando datos para la tabla inventariostt.usuario: 6 rows
/*!40000 ALTER TABLE `usuario` DISABLE KEYS */;
INSERT INTO `usuario` (`idUsuario`, `dniUsuario`, `tipoUsuario`, `claveUsuario`, `huellaUsuario`, `nombreUsuario`, `estadoUsuario`, `fechaUsuario`, `permisosUsuario`, `usuarioRegistrador`) VALUES
	(1, '41467062', '1', '210382', _binary 0x00F87F01C82AE3735CC0413709AB71F0FA1455928CF6CF8F9A5C581BAF4909AE4DAA906778585FC0C37C4A1A2A95B44C318852E7558E9EFEEFDEB6051096F1987D1DCD4CA4F2CF651F6BF0BB628B51E46C054DD6A9C64810D50F8BE111F62FDF47CFF7B71AF4D61C6C7CCEE96A921C330D4A94393B2D2E9341EA7C575FAEA02323C4FE5B9265845537B71997BAE3E06EDC9EAB83B0B4AA8923A428282FE761AC034A437E4582F912E0C792E3D4C282407C45061F8CB0169CDEB0D0E9BA83D6BDB6DA607E081059945AE4253719482030AB0063BB2678207803E032AE65F04A14CB130EAE9874DB31431D34935D75D578DDC6A486DF1AA62FCAB9C2DEDB4903A6CC28D410B35C9B904A6A0DDECD292B3D70FCE0A7CE99C2ADF5C5830AA9E7D1DE9F72BAA66B51396C9A5E1DEA30D63FB81E0AEDEE402D529D3708F6A51A470797C40416926BF82A460027B542D582AF296019BDC2BF69707ECDFAA5056B5B3D01E84FEC9AA1227C66D71FED67B460A8EF5BBCBDE6F054F911EFDA6498106684E269E5A66F00F87E01C82AE3735CC0413709AB7170F0145592741AD7EDD3367E56E759B1766F6F72EE19721DB192FE9B6858725A833839C12D655DE1F98FC9FB1F1F7A80DD13A8673A9DA4A031926679CBB728D1601895C3A74FA6DE394E086F204ECC1503E2BC7F7CA4B68CE6C8211609D05EE921A86361EFAF7C7E3A7DA695B908225F2F79C8F00F88FB12826A56A8F627C949401AF42C0CB53213E092A2C631A1F242E2031ACF321A2D2238A2BE9242F49F4DC3E34031BB9B654591C202E254540A0DA74A513438344B978B09F5D8C53D201213B4965B1299074D3692D8192A97AF08375398AA8438A2D977C4C0AF0602E957617CBA69B5072E4455A7938DE64D86C7EDC3FEA6D19ED75935D897AC194068EC3339E821F865A3754F0D050336EDB3867256949E26D5533DC18CD04709CF65D0459E0BE4E16015023329CF7192A2F1DC33A91A3822AB3CDD9C6F3844E22A8A129FA745B56341ACFD0AAEE65578F8AAABF109DC361C0BBAE0E4F67E8C10FF953C1455254B100EF93403E2E2A1DFD95A51D174556F00F87F01C82AE3735CC0413709AB7170B414559261AA6FE34BB04D96553CDED19CE0E406B45E1F9A2AD6EBD02F5EFC83685A67B6D3C448999303902F8FD5BA678A5DB9ECEF0126AD9689AF6EDCD5409ACDED666A09491E34084BCF10E542DC6ECD9F69E898168AA46B6CDADE403877E332FE887C71C517C29C01FC516A98D73239D7C18D0807460C0CCBD657C8ADCE31A426A8AED64F43ABCB3DBF4713343D1D317D2C2941A628F30F05311133B70B3E5C95DC876D2A36ADC924A796DD65CBB3E833FE12FE7129DCB9B0699124E433B323117C2CE581BAA8AE4F220A49A924F98C0577DE4157D3D20091F43A61C69EB9E76C75E44D05EEFB5A474C0A80C02FC5B7A56E81C1F3C786C11D18F545DC6BE2C9DCFA6D9EFDB1C0F2765F08FEC3496024396B33B454F930834B9F3CD0A7F80905EC5BA246D39CB2C43F51A623B0921314ED650D66523C1DAA6945B7AD5D98699DB3CFF26E692256FEB630C6F71387DED61F3B8E719FB452533F1D9FC638068D6D07E29A99DDEC144B4613C07B7796159D72586F00E88101C82AE3735CC0413709AB7170FB145592E87D258AA58306AEB95A47B815D59642AE6384D278DDB6A796F085C97DF024A2C46C5CDFE539FF68840F28B3597563F0F00AA08DE1A0580D852B729EFA0AFC3ED376F9FF96CDA9162A7ABC06AF88DF62999C5135C02C8B5222329E865E3AC6BDD77DB27FB7B487181E67D51C780A0B10C963D0D08BD2AF2299239FF9FB501AC3018494A36A52F1BD9F5423EA1643D17AEFD751470735B12AB4BF2D101D11CAC9707666D5AE2B79241A220B96C5C6C230E5A5852592A0E362E8D73A7F1B251394D8F887F07FFC70A32C14164EA76CAAFBD582C2394BFC6161E74BE5690E58ADAC5AA2C128AAA7990B60471CB32C2608BFF8799D2F121644EC93808EE3D02301218874402F69A57648B18C93ED40ECE7D4FD43F880C2C76BC1C00BFE550A990BA48197E4903FD2629C361991A5784C8D2655A16BA020A6198747833479C9C5EB4284840DFFEDC2B90FCFB59A5D97233BF496BE62F61869A58C2E4B2575DA4BE5962923BAC237DA4D123799CF0AB6B6B3FBDE6F37343E25020000103B343E25020000E844D191F97F00000000000000000000000000000000000000000000000000000000000000000000FFFFFFFF000000000000000000000000FFFFFFFF00000000, 'SALCEDO PEÑA, CARLOS SAUL', 1, '2018-03-22 00:00:00', '1,2,3,4,5,6,7,8,9,10,11,12,13', '41467062'),
	(2, '42845381', '1', '123456', _binary 0x00F87F01C82AE3735CC0413709AB71B0351455924EB180B69DE4DB870C609157E293E6A1643E75F3CC57BDF91DF2896E602BE77D84FEDDD44A6779765916FED04A47826E79FF49436A97C236F3C4530925698121C7B1C79A2A83E11D881889F2AC1E90DAD2D098BA6A499A3E043BC3107545D1F0BB396D1C90C7243F271B09408B2B2C3D33E8CE4408864F99392BCA7DC88800E7A492FC685E33785DA1FE14D1B3461938B473B930C0987EDBDCB0FAA46EA80900438C347551848449191B207FF736F9585246DE4F7B9A388561C0321AC590026C1C1585D1D17233E076BEEB08CB6EE33807A0125B71E9CA284F80C89C8841E7223A9146BFEBCB5D80174874F41044DDCEB600F54211EE52C313EA3F57258E4BCE2AE94FE0A89E48EA13967DE27F20AF81DC71C340A935D7DFB929BB5FC12D8CDEDA3E945D86C805126180F0674235751850A62EFEB1DDD940F5A84864EA7E3C4BA32D666FD286EBE710B23D53636345D2DC952B91C7FBC5185C62038E0FEE5D9AB136802FA8484DCE1F938C0A9276BE6F00F86F01C82AE3735CC0413709AB71F0CA145592CE2CE51567700E2448AD822E72B39D6D7DFDD6C21337BD67F456FBD621E3506C6B0A262C7F6D8331B7F3BDC0CC1D3D9E9BA9845677C18E8F35169FB7FC1B9AC20114971CF13CAF3D8E3250B06F63407B9F0C5A94E0F34127521FDBA570E2950D8D0177F92DE18BD490AE5ECB6F84D177C3BAFD1928B33AA4CCF81050A70D9B8AF0E8BF0214F2857FA7D73E794E9BFB5AD59CDC3EE857A6617B02865F3923D5B8866E10F3F50589DAD088A0836297A1A91371930C066B7A8162AC81AE7E78EA33A3D4F62D3F60E02D6FC60135B8BBD0A608ACDCDCF4B613D4689E29CFFF0B73375F50547D2064C56316DBB0078A37913FF794E287B0193C94E9A60400729AD9CFE159DBF35517420C6256436F3C5BC1C63434D6E3E6C0FD3B207C766BD0486EE0405E0E279696DC240E50823D1EEBAE40F3F20027E97EE5F7E12522C27B2468476D48BF458F42A97EF4138C99FDA77F82E9ACC28C4FA93E1C77013AF18B5D0C6F00F85101C82AE3735CC0413709AB71B0D7145592CCE3EDE985C6AA57E45E6DED75AD60CA9128BFA4642A2F069F6CA75498EC3F1670930050EAD28761D17AA6C3803CDAF9AEB8FCFA64C5A51465A58BBD48C61CFE750FE01CE53CE7666477B1A58B30E58BD644A9D21B52BCAC0262BF96A5DA8DC5A966BACFE7496C5F17968F839C84CFC30457E202D22CF73C29F53F3711999BDB22B304D4268BDEEFB2931AA76EBA8E12D03191BDFC857FD6BEB126FF7050391614B6B16E2C9F297C9D6B86058647C602ACAC59CE69BAD967EF7C447423BD1DA68F7F982DB6EDE66C2BC8503738EE7EC9DE52C5F681B944044DBE0DA9C1E2710A55AB044DEE0E2EC13B791EA3E5FC4B2913B087EDD88471930FC92DA607B75F7DF7BD3878F6865ECBA31CFFC67D9A76EEA6B1A1263323905A8B1C12DAC4D2ABF09571E5DB72B452245281F6E3B4EDDACD4A65670EF6BE1E91998E864FF1DFC7E3B66F00E87E01C82AE3735CC0413709AB71F0D214559242B8E6C32A92293205E94E538AC7ACE65A8DB45C6DC97097C0C3D92D4A25C3ABAE0C3A80295799C18DDDC69ED6BF7223DD78CD745C317D61B1F239A7AD5294DE8F2978419E96A2F25AA9F64225FDCD6A752AB26D3151B47B605C17C876A63611F085C0577C5762279657C048E0DBC45053E25D558C3DA2033944CB85125BE4AA34D05B1A32798AC397167B0E132CFD83291A8C9A87BFEC3E813D63B80022E7669EF6A7D3180F6E8275A67D11348696FA6DBF4C6DFF687E6CF0AE7365A7350D0101F7A3FEAC8B2BA14D40940F6C55B9064C6D2DEE7AC4B5B3087E256E7B4BEB5BC76EC168E06359EB2BEC05CA12908A5118C4EA4D926C58CB08CDC0C01B435B279C9D2B9A90BB2DFFEBF81A459823FD64517063B68CB08B081E2C11F58A8D4F3BE96013212AEED5E8334D6094ED306DBF2E1ACD01D231E5ADAD3E1223095A5D3CF57F70A08BCE19FEA978C03CF6FEC82F20E4FC2267CDE9EA1BAE547EE7129FA58243E6BB549A0E3112AE738E590A6FD192BCF97F0000C0D192BCF97F0000D0D192BCF97F0000D0D192BCF97F0000E0D192BCF97F0000E0D192BCF97F0000F0D192BCF97F0000F0D192BCF97F000008D292BCF97F000008D292BCF97F000020D292BCF97F000020D292BCF97F000038D292BCF97F000038D292BCF97F000048D292BCF97F000048D292BCF97F000060D292BCF97F000060D292BCF97F0000, 'OSCAR CHAVARRI CABALLERO', 1, '2018-02-26 00:00:00', '1,2,3,4,5,6,7,8,9,10,11,12,13', '41467062'),
	(4, '1234', '2', '123', _binary '', 'USUARIO NUEVO', 1, '2018-03-21 00:00:00', '', '41467062'),
	(5, '1234', '2', '1234', _binary '', 'FRANCO VALERA', 1, '2018-02-27 00:00:00', '', '41467062'),
	(6, '2323', '2', '1234', _binary 0x00F8FA00C82AE3735CC0413709AB71F0CD145592DCCEF8FB06E1F57E8884B934A6025297D945730FC445C2B9965C03746FF5159C06A372756DEF36111249C4E808AAAAC3517D9B5DB6C8418EAE15A8340918970ECC5BBF950E4737E6358ED68C5BE4A98EA2BB43C60AA757A3E24DF3D83CB11497E990AC31D1C36F6B7E396C747E2E97DC347C4475A2417CCDA9E6B4BC8469B2394A93AE241EF670CD6C65A465360B7DC846C2D2501E5FE71507813E6DDFD76B465729C707A57FED474118E9A919E06BE6FF620B55A4710F2EFEE1C63D4D729CC17F82AB0B0F376F3D3F29A186D8EBAF6797C2967F8B5944ACFFE6891547C4C7DB66D710A357E1F8E90B026F00F81B01C82AE3735CC0413709AB7130C214559273156CE758B76D1A97503B366DB4965FAAF1380ADCA8409256B7364F87F20588A325351A111223A6A64766E1D014658A1530160533729810DEBA9B7BD1BD802198EA16375511244F4357585F7E77E2FBF06B31BAAF6D7CF885AD29562FC5F15919F99F523B90E1961224AF3E1F1EC027369AC3EDAFC65819C921BADAC452EFE4229A39465B858AC61A0F4B3D39BA6CF94AD3BDC9A5F402D5084B15C7EF1D65801003DF7C2EEF03838554ABCD46F56116A7B25EFF5CACD98D94BB62F1E9EB87B6EB3BD787C7E84206BD86B5620B28841ABC49C28471AEE4FBA92A3389A0AF8673B83C1B4370E331C1AB26FC37D59096B41F78868CA72DA430E71F5142AEDF601A07BE24C6995892453660A16F00F82701C82AE3735CC0413709AB7170C4145592E5711A8D35C93BC522FCD8856AE561F30498C466219312E4AEEB508585E915EF23061A0DEE76A2122DECE2F7DE7E218E6CDA319CE3F0A8CBB9230C3F4D94D0DD59480F05A6A0A968E9D24B1F194EE714AB8C8ADE165203D833829704499B534BFB2E3BD6D15BAA88E869CF37D2B14119587BD0AC22024E3601A426DC6A34D946979E6FAD03E464FEDD7333AB176B1ED0ACE080166CC2475E1032D293EE6B17DE37686F15644EF5336CD0F847C6AE67C723B50A425511FACE7A19735099805F45A863B3E7962FAD8419199A2245EFDA46EE70AF5D4619A92A485ADC9773AD4C4A8E495F6B63B88C6D6C4CB41411D3866E91D346C980771C47EF40F1BC4E96B139EE2312DAA6B27D634DFD44D46D4EB1F272A9E575D722D96F00E82601C82AE3735CC0413709AB71B0CB145592CDE48A4DEF815839C5EF9D64C50E3BF6C60D719C68876EAF1EF4FD62CE0B5B562E8774F77AD7CE5D1DB083D950CA03B05BB65AE509951F92D38B11E4481F7A52CF8DF5331DE473372BC4AA267BF37CCE0731A8E1BC70BAD067C286663583224C5BE8E3A2F4B41370D2444C7E0A84B92A08EB87A5BC3156964FE7CDC8DAA167D978E21A6AB982F160F886A80FAA0F64E0E6CF7F9E122E8F7C3CEECB6C8C29C183E93387692BCE617B5B72C8C46AAA76F10375D07590F09D37E63BE0847CEE334ABAADF26FC968C78EEDB2A3D2F145ED2B1FA9DC93E5A1DD413DD0D3B57B0D94D32441C14AB747B72D173205342D43B43D6F8B3818EDED6A76C6227763C01B4FD64A5E02C1A96F3659C39EBED60D03906400011EE517A26FFFFFFF8C7C5EF97F00000000000000000000220000229E110500908180E3A1020000E0BB7DE3A1020000FFFFFFFFF97F0000C0547EE3A102000048D791BCF97F0000001082BCF97F0000000000000000000000000000000000000C000000000000000000000000000000C0547EE3A1020000FFFFFFFFF97F0000C0547EE3A102000058D791BCF97F0000001082BCF97F0000AB0F0006F97F000000000000000000000000000000000000000000000000000000000000000000000C000000F97F0000000000000000000068D791BCF97F0000001082BCF97F0000AC0F0006F97F0000000000000000000000000000000000000000000000000000C0547EE3A1020000FFFFFFFFF97F0000A04743E0A102000012000000FA00000000E2EF32FA000000B24743E0A102000000000000FA00000000000000000000007809865EF97F0000000000000000000000000000F8FFFFFF010000000000000000D791BCF97F0000A854865EF97F000000A97DE3A102000080A77DE3A102000030A97DE3A102000010A87DE3A102000060A97DE3A1020000C0A97DE3A102000090A97DE3A1020000F0A97DE3A1020000804A0DC6A10200000000000000000000000000000000000000000000000000000000000000000000FFFFFFFF000000000000000000000000FFFFFFFF00000000, 'REYNA ROJAS', 1, '2018-02-27 00:00:00', '', '41467062'),
	(7, '32323', '2', 'DDDD', _binary '', 'JUAN ALBERTO CASAS', 1, '2018-03-22 00:00:00', '', '41467062');
/*!40000 ALTER TABLE `usuario` ENABLE KEYS */;

/*!40101 SET SQL_MODE=IFNULL(@OLD_SQL_MODE, '') */;
/*!40014 SET FOREIGN_KEY_CHECKS=IF(@OLD_FOREIGN_KEY_CHECKS IS NULL, 1, @OLD_FOREIGN_KEY_CHECKS) */;
/*!40101 SET CHARACTER_SET_CLIENT=@OLD_CHARACTER_SET_CLIENT */;
